province,country
Sicily & Sardinia,Italy
Douro,Portugal
Oregon,US
Michigan,US
Oregon,US
Northern Spain,Spain
Sicily & Sardinia,Italy
Alsace,France
Rheinhessen,Germany
Alsace,France
California,US
Alsace,France
California,US
Sicily & Sardinia,Italy
California,US
Mosel,Germany
Other,Argentina
Mendoza Province,Argentina
Northern Spain,Spain
Virginia,US
Virginia,US
Oregon,US
Sicily & Sardinia,Italy
California,US
Sicily & Sardinia,Italy
California,US
Sicily & Sardinia,Italy
Sicily & Sardinia,Italy
Sicily & Sardinia,Italy
California,US
Beaujolais,France
Sicily & Sardinia,Italy
Sicily & Sardinia,Italy
California,US
California,US
Oregon,US
Colchagua Valley,Chile
Sicily & Sardinia,Italy
Southern Italy,Italy
Sicily & Sardinia,Italy
Sicily & Sardinia,Italy
Oregon,US
Beaujolais,France
California,US
Maule Valley,Chile
Virginia,US
Sicily & Sardinia,Italy
California,US
Virginia,US
Beaujolais,France
Sicily & Sardinia,Italy
Colchagua Valley,Chile
Sicily & Sardinia,Italy
Bordeaux,France
Sicily & Sardinia,Italy
California,US
California,US
Sicily & Sardinia,Italy
Maipo Valley,Chile
Washington,US
California,US
Central Italy,Italy
Washington,US
Champagne,France
California,US
Burgundy,France
Burgundy,France
Washington,US
California,US
Champagne,France
Washington,US
California,US
Southern Italy,Italy
California,US
California,US
California,US
Rheinhessen,Germany
South Australia,Australia
Oregon,US
Tejo,Portugal
Rapel Valley,Chile
Galicia,Spain
France Other,France
South Australia,Australia
California,US
Rheinhessen,Germany
Washington,US
California,US
Tuscany,Italy
Tuscany,Italy
California,US
California,US
California,US
Burgenland,Austria
Washington,US
Beaujolais,France
Beaujolais,France
New York,US
Tuscany,Italy
California,US
New York,US
New York,US
New York,US
Leyda Valley,Chile
Tuscany,Italy
Tuscany,Italy
Tuscany,Italy
Tuscany,Italy
California,US
Tuscany,Italy
Beaujolais,France
California,US
Tuscany,Italy
Tuscany,Italy
California,US
California,US
California,US
California,US
Tuscany,Italy
Alsace,France
Piedmont,Italy
California,US
California,US
South Australia,Australia
California,US
Stellenbosch,South Africa
Alsace,France
Alsace,France
Alsace,France
Stellenbosch,South Africa
Piedmont,Italy
Alsace,France
Simonsberg-Stellenbosch,South Africa
Piedmont,Italy
California,US
Piedmont,Italy
Bordeaux,France
Walker Bay,South Africa
Alsace,France
Alsace,France
Piedmont,Italy
Piedmont,Italy
California,US
Alsace,France
California,US
California,US
California,US
California,US
Rheinhessen,Germany
California,US
California,US
Alentejano,Portugal
California,US
California,US
Central Spain,Spain
California,US
Mosel,Germany
Alentejano,Portugal
Tuscany,Italy
Tuscany,Italy
Southwest France,France
California,US
California,US
Beaujolais,France
Aconcagua Valley,Chile
Maipo Valley,Chile
Southwest France,France
California,US
California,US
California,US
Mosel,Germany
Mosel,Germany
Loncomilla Valley,Chile
Oregon,US
Marlborough,New Zealand
Northeastern Italy,Italy
Maipo Valley,Chile
Tuscany,Italy
California,US
Burgundy,France
California,US
California,US
Tuscany,Italy
Other,Argentina
California,US
Colchagua Valley,Chile
California,US
Sicily & Sardinia,Italy
Colchagua Valley,Chile
Casablanca Valley,Chile
Southern Italy,Italy
South Australia,Australia
Veneto,Italy
Burgundy,France
Tuscany,Italy
Tuscany,Italy
Tuscany,Italy
Western Cape,South Africa
California,US
California,US
Tuscany,Italy
Northeastern Italy,Italy
Judean Hills,Israel
Alentejo,Portugal
California,US
California,US
California,US
California,US
Coastal Region,South Africa
Rhône Valley,France
Western Cape,South Africa
Rhône Valley,France
Northern Spain,Spain
California,US
California,US
Galilee,Israel
Tuscany,Italy
Beira Atlantico,Portugal
California,US
Tokaj,Hungary
California,US
Northeastern Italy,Italy
Tuscany,Italy
Northeastern Italy,Italy
Mendoza Province,Argentina
Stellenbosch,South Africa
Stellenbosch,South Africa
New York,US
New York,US
California,US
New York,US
Mendoza Province,Argentina
South Australia,Australia
Oregon,US
Central Italy,Italy
California,US
California,US
Central Italy,Italy
South Australia,Australia
California,US
Southwest France,France
California,US
California,US
New York,US
Northern Spain,Spain
Other,Argentina
South Australia,Australia
California,US
Oregon,US
Virginia,US
California,US
Oregon,US
California,US
Mendoza Province,Argentina
California,US
California,US
Coastal Region,South Africa
Coastal Region,South Africa
Stellenbosch,South Africa
Southwest France,France
Oregon,US
Mendoza Province,Argentina
California,US
California,US
Stellenbosch,South Africa
Stellenbosch,South Africa
Mendoza Province,Argentina
Central Italy,Italy
Veneto,Italy
Leithaberg,Austria
Northeastern Italy,Italy
Santorini,Greece
Northeastern Italy,Italy
Mendoza Province,Argentina
Piedmont,Italy
Mendoza Province,Argentina
California,US
California,US
Oregon,US
Northeastern Italy,Italy
Kremstal,Austria
California,US
Tuscany,Italy
Oregon,US
Mendoza Province,Argentina
Kremstal,Austria
California,US
Catalonia,Spain
Kremstal,Austria
California,US
Bordeaux,France
Central Italy,Italy
France Other,France
South Australia,Australia
Mendoza Province,Argentina
California,US
Maipo Valley,Chile
California,US
Aconcagua Valley,Chile
Piedmont,Italy
California,US
Washington,US
Piedmont,Italy
Piedmont,Italy
Piedmont,Italy
California,US
Recas,Romania
Burgundy,France
Santorini,Greece
Piedmont,Italy
Piedmont,Italy
Hawke's Bay,New Zealand
California,US
Piedmont,Italy
California,US
Veneto,Italy
Bordeaux,France
Bordeaux,France
Curicó Valley,Chile
Veneto,Italy
Veneto,Italy
Veneto,Italy
Veneto,Italy
Colchagua Valley,Chile
Veneto,Italy
New York,US
Veneto,Italy
Limarí Valley,Chile
California,US
California,US
California,US
Casablanca Valley,Chile
Veneto,Italy
Veneto,Italy
Champagne,France
Veneto,Italy
Colchagua Costa,Chile
Languedoc-Roussillon,France
Provence,France
Catalonia,Spain
Alsace,France
California,US
Catalonia,Spain
Rapel Valley,Chile
Leyda Valley,Chile
Victoria,Australia
Victoria,Australia
Rheingau,Germany
Victoria,Australia
South Australia,Australia
Piedmont,Italy
Tokaji,Hungary
California,US
Burgundy,France
Rheingau,Germany
California,US
Victoria,Australia
Burgundy,France
Rheingau,Germany
Burgundy,France
South Australia,Australia
Piedmont,Italy
California,US
Burgundy,France
Oregon,US
South Australia,Australia
Northeastern Italy,Italy
Maipo Valley,Chile
Veneto,Italy
Northeastern Italy,Italy
California,US
Northeastern Italy,Italy
Veneto,Italy
Northeastern Italy,Italy
California,US
Tuscany,Italy
Northeastern Italy,Italy
Naoussa,Greece
Valle de Guadalupe,Mexico
Northeastern Italy,Italy
Rapel Valley,Chile
Veneto,Italy
Maipo Valley,Chile
Veneto,Italy
Northeastern Italy,Italy
California,US
California,US
California,US
California,US
Northeastern Italy,Italy
Maipo Valley,Chile
Central Valley,Chile
California,US
Lontué Valley,Chile
Maipo Valley,Chile
Northeastern Italy,Italy
California,US
Colchagua Valley,Chile
Curicó Valley,Chile
Veneto,Italy
Italy Other,Italy
Veneto,Italy
Colchagua Valley,Chile
California,US
California,US
Veneto,Italy
Champagne,France
Casablanca Valley,Chile
Veneto,Italy
New York,US
New York,US
California,US
Veneto,Italy
Veneto,Italy
Veneto,Italy
New York,US
Veneto,Italy
Veneto,Italy
Burgenland,Austria
Bordeaux,France
Bordeaux,France
Washington,US
Washington,US
Weinviertel,Austria
California,US
New York,US
Northern Spain,Spain
New York,US
Kremstal,Austria
Washington,US
California,US
California,US
Washington,US
California,US
Piedmont,Italy
Thermenregion,Austria
Piedmont,Italy
California,US
Northern Spain,Spain
Northern Spain,Spain
Washington,US
Niederösterreich,Austria
New York,US
California,US
Wagram,Austria
Sicily & Sardinia,Italy
California,US
Loire Valley,France
Rhône Valley,France
Lombardy,Italy
Champagne,France
Tuscany,Italy
Burgundy,France
Champagne,France
Ontario,Canada
California,US
California,US
California,US
Lombardy,Italy
Champagne,France
Oregon,US
Oregon,US
Burgundy,France
Champagne,France
Rheinhessen,Germany
Veneto,Italy
Champagne,France
Oregon,US
Mosel,Germany
Mosel,Germany
Champagne,France
Burgundy,France
Burgundy,France
Alentejano,Portugal
Champagne,France
California,US
California,US
Bordeaux,France
Champagne,France
Sicily & Sardinia,Italy
Washington,US
Sicily & Sardinia,Italy
California,US
Stellenbosch,South Africa
Western Cape,South Africa
Rhône Valley,France
California,US
Northeastern Italy,Italy
Northeastern Italy,Italy
Northeastern Italy,Italy
Catalonia,Spain
Kremstal,Austria
Washington,US
Washington,US
New York,US
California,US
Northern Spain,Spain
California,US
California,US
Provence,France
Northern Spain,Spain
California,US
Österreichischer Sekt,Austria
California,US
Rhône Valley,France
Northern Spain,Spain
Northeastern Italy,Italy
Washington,US
Washington,US
California,US
California,US
Champagne,France
Champagne,France
California,US
Colchagua Valley,Chile
California,US
California,US
California,US
Burgundy,France
California,US
California,US
California,US
Oregon,US
Oregon,US
Washington,US
California,US
Oregon,US
Rheinhessen,Germany
Champagne,France
California,US
Colchagua Valley,Chile
Oregon,US
Oregon,US
Oregon,US
California,US
Mosel,Germany
Washington,US
California,US
Oregon,US
California,US
California,US
California,US
Northeastern Italy,Italy
California,US
California,US
California,US
California,US
California,US
California,US
Piedmont,Italy
California,US
California,US
Provence,France
Mendoza Province,Argentina
Provence,France
Washington,US
Northern Spain,Spain
California,US
California,US
California,US
California,US
California,US
California,US
California,US
California,US
California,US
California,US
Mendoza Province,Argentina
California,US
Washington,US
Washington,US
California,US
Piedmont,Italy
Bordeaux,France
Rhône Valley,France
Bordeaux,France
Bordeaux,France
New York,US
Bordeaux,France
California,US
Washington,US
Washington,US
Washington,US
California,US
Kamptal,Austria
Washington,US
Steiermark,Austria
Südsteiermark,Austria
California,US
Burgenland,Austria
California,US
Niederösterreich,Austria
Washington,US
Niederösterreich,Austria
Rhône Valley,France
Washington,US
Crete,Greece
Kremstal,Austria
California,US
California,US
Piedmont,Italy
Valle de Guadalupe,Mexico
California,US
New York,US
Northern Spain,Spain
Mendoza Province,Argentina
Oregon,US
Oregon,US
Douro,Portugal
Oregon,US
California,US
California,US
California,US
Vinho Verde,Portugal
Veneto,Italy
Mendoza Province,Argentina
California,US
Veneto,Italy
California,US
Piedmont,Italy
Veneto,Italy
California,US
Idaho,US
Idaho,US
Idaho,US
Veneto,Italy
Veneto,Italy
Piedmont,Italy
South Australia,Australia
California,US
Oregon,US
Alsace,France
Alsace,France
Victoria,Australia
California,US
Northern Spain,Spain
South Australia,Australia
Alsace,France
Alsace,France
Alsace,France
California,US
California,US
Alentejano,Portugal
California,US
California,US
Oregon,US
Tejo,Portugal
Douro,Portugal
Mosel,Germany
California,US
Northeastern Italy,Italy
Alsace,France
Western Australia,Australia
California,US
Alsace,France
California,US
Oregon,US
Coastal Region,South Africa
California,US
Washington,US
California,US
California,US
Piedmont,Italy
California,US
Piedmont,Italy
Piedmont,Italy
Washington,US
Levante,Spain
New York,US
Washington,US
Washington,US
California,US
New York,US
California,US
California,US
California,US
Washington,US
Tuscany,Italy
Tuscany,Italy
Washington,US
Northern Spain,Spain
Washington,US
Piedmont,Italy
Tuscany,Italy
Washington,US
California,US
Piedmont,Italy
California,US
Washington,US
California,US
Burgenland,Austria
California,US
Tuscany,Italy
California,US
Stellenbosch,South Africa
Tuscany,Italy
Marlborough,New Zealand
Wagram,Austria
Washington,US
Simonsberg-Stellenbosch,South Africa
Mendoza Province,Argentina
Provence,France
Provence,France
Provence,France
Provence,France
Marlborough,New Zealand
Provence,France
Provence,France
Provence,France
California,US
Martinborough,New Zealand
California,US
California,US
California,US
Central Otago,New Zealand
Mendoza Province,Argentina
Central Otago,New Zealand
Provence,France
Lisboa,Portugal
Burgundy,France
Alentejano,Portugal
Mendoza Province,Argentina
Mendoza Province,Argentina
Vinho Verde,Portugal
Texas,US
Piedmont,Italy
Vinho Verde,Portugal
Oregon,US
Other,Argentina
Alentejano,Portugal
California,US
France Other,France
Burgundy,France
Burgundy,France
Mendoza Province,Argentina
Other,Argentina
California,US
Península de Setúbal,Portugal
Mendoza Province,Argentina
Piedmont,Italy
Texas,US
Burgundy,France
Burgundy,France
California,US
Piedmont,Italy
Alentejo,Portugal
Australia Other,Australia
California,US
New York,US
Alsace,France
California,US
Central Valley,Chile
Alsace,France
California,US
Northern Spain,Spain
California,US
California,US
California,US
California,US
California,US
California,US
Colchagua Valley,Chile
Northern Spain,Spain
Northern Spain,Spain
California,US
California,US
Tasmania,Australia
Northern Spain,Spain
Australia Other,Australia
Southern Italy,Italy
Champagne,France
California,US
Champagne,France
Alentejo,Portugal
Oregon,US
Oregon,US
Champagne,France
Northeastern Italy,Italy
Oregon,US
Champagne,France
Tuscany,Italy
Northeastern Italy,Italy
California,US
California,US
Douro,Portugal
Other,Argentina
Douro,Portugal
California,US
Mendoza Province,Argentina
Mosel,Germany
Washington,US
Oregon,US
Bordeaux,France
Washington,US
California,US
Bordeaux,France
Bordeaux,France
Bordeaux,France
Bordeaux,France
Bordeaux,France
California,US
California,US
Beaujolais,France
Washington,US
Washington,US
Oregon,US
California,US
Victoria,Australia
Central Italy,Italy
Central Spain,Spain
California,US
Franken,Germany
California,US
South Australia,Australia
Tuscany,Italy
Washington,US
New York,US
Colchagua Valley,Chile
Beaujolais,France
Southwest France,France
Northern Spain,Spain
Catalonia,Spain
Tuscany,Italy
California,US
California,US
Tuscany,Italy
Tuscany,Italy
Curicó Valley,Chile
Southwest France,France
Washington,US
Beaujolais,France
Beaujolais,France
Beaujolais,France
Piedmont,Italy
Loncomilla Valley,Chile
Beaujolais,France
Catalonia,Spain
Catalonia,Spain
Washington,US
New York,US
Beaujolais,France
California,US
Beaujolais,France
Washington,US
Sicily & Sardinia,Italy
Sicily & Sardinia,Italy
Alsace,France
Alsace,France
Burgundy,France
Burgundy,France
Burgundy,France
Burgundy,France
Alsace,France
Mosel,Germany
California,US
California,US
Southern Italy,Italy
California,US
Oregon,US
California,US
California,US
Sicily & Sardinia,Italy
Sicily & Sardinia,Italy
California,US
Ahr,Germany
Sicily & Sardinia,Italy
South Australia,Australia
Oregon,US
Colchagua Valley,Chile
California,US
California,US
California,US
Oregon,US
Tokaji,Hungary
Douro,Portugal
Douro,Portugal
Catalonia,Spain
Tuscany,Italy
Bordeaux,France
Bordeaux,France
California,US
Catalonia,Spain
California,US
Tuscany,Italy
California,US
California,US
Languedoc-Roussillon,France
Douro,Portugal
Washington,US
California,US
California,US
California,US
Washington,US
Australia Other,Australia
Tuscany,Italy
Tuscany,Italy
California,US
Washington,US
Tuscany,Italy
Tuscany,Italy
Catalonia,Spain
Douro,Portugal
Texas,US
Nahe,Germany
Piedmont,Italy
Texas,US
Texas,US
Vinho Verde,Portugal
Piedmont,Italy
Piedmont,Italy
Mendoza Province,Argentina
France Other,France
Oregon,US
,
Other,Argentina
Oregon,US
Oregon,US
Piedmont,Italy
Piedmont,Italy
Mendoza Province,Argentina
Australia Other,Australia
Tejo,Portugal
Mendoza Province,Argentina
Tejo,Portugal
South Australia,Australia
California,US
Mendoza Province,Argentina
Vinho Verde,Portugal
Piedmont,Italy
California,US
Mendoza Province,Argentina
Piedmont,Italy
Bordeaux,France
Bordeaux,France
Bordeaux,France
Bordeaux,France
Oregon,US
Oregon,US
Northern Spain,Spain
California,US
Champagne,France
Levante,Spain
California,US
Northern Spain,Spain
Oregon,US
California,US
California,US
Douro,Portugal
Alentejano,Portugal
Piedmont,Italy
California,US
California,US
Catalonia,Spain
Oregon,US
California,US
Piedmont,Italy
Southern Italy,Italy
California,US
Northern Spain,Spain
Champagne,France
Bordeaux,France
Bordeaux,France
Champagne,France
Bordeaux,France
Lombardy,Italy
Southern Italy,Italy
Marlborough,New Zealand
Casablanca Valley,Chile
Veneto,Italy
Maipo Valley,Chile
California,US
Champagne,France
California,US
California,US
Washington,US
Sicily & Sardinia,Italy
California,US
California,US
California,US
Bordeaux,France
Veneto,Italy
Bordeaux,France
Veneto,Italy
California,US
Dealu Mare,Romania
Mendoza Province,Argentina
Port,Portugal
South Australia,Australia
Oregon,US
Northern Spain,Spain
California,US
Southwest France,France
Southwest France,France
Southwest France,France
Loire Valley,France
Sicily & Sardinia,Italy
Sicily & Sardinia,Italy
South Australia,Australia
Oregon,US
Oregon,US
Oregon,US
Sicily & Sardinia,Italy
Oregon,US
Southwest France,France
Southwest France,France
Loire Valley,France
Oregon,US
Loire Valley,France
South Australia,Australia
Maipo Valley,Chile
Oregon,US
New York,US
Sicily & Sardinia,Italy
Sicily & Sardinia,Italy
California,US
California,US
Sicily & Sardinia,Italy
Sicily & Sardinia,Italy
Alsace,France
California,US
Oregon,US
Mendoza Province,Argentina
Sicily & Sardinia,Italy
Galilee,Israel
Alsace,France
California,US
Oregon,US
Oregon,US
Northern Spain,Spain
Northern Spain,Spain
California,US
Northern Spain,Spain
Marlborough,New Zealand
California,US
Alsace,France
Sicily & Sardinia,Italy
Sicily & Sardinia,Italy
Oregon,US
Hawke's Bay,New Zealand
Galicia,Spain
Mendoza Province,Argentina
Hawke's Bay,New Zealand
Northern Spain,Spain
Niederösterreich,Austria
Northeastern Italy,Italy
Oregon,US
Northeastern Italy,Italy
California,US
Languedoc-Roussillon,France
Languedoc-Roussillon,France
California,US
Galicia,Spain
California,US
Northern Spain,Spain
Northeastern Italy,Italy
Kremstal,Austria
Niederösterreich,Austria
Central Valley,Chile
California,US
Northeastern Italy,Italy
Southwest France,France
France Other,France
Northeastern Italy,Italy
Darling,South Africa
Sicily & Sardinia,Italy
Port,Portugal
California,US
California,US
Oregon,US
Oregon,US
Oregon,US
Piedmont,Italy
Douro,Portugal
Port,Portugal
South Australia,Australia
California,US
Loire Valley,France
Piedmont,Italy
Oregon,US
Oregon,US
Oregon,US
Oregon,US
Oregon,US
California,US
Loire Valley,France
California,US
Oregon,US
California,US
Oregon,US
California,US
Port,Portugal
California,US
Oregon,US
Loire Valley,France
Oregon,US
California,US
Maipo Valley,Chile
Washington,US
California,US
California,US
Maule Valley,Chile
Niederösterreich,Austria
California,US
Washington,US
Rhône Valley,France
Piedmont,Italy
Washington,US
California,US
California,US
Tuscany,Italy
Northern Spain,Spain
Catalonia,Spain
Rhône Valley,France
Washington,US
Tuscany,Italy
Northern Spain,Spain
California,US
California,US
Tuscany,Italy
Southwest France,France
France Other,France
France Other,France
New York,US
Washington,US
Washington,US
California,US
Bordeaux,France
Bordeaux,France
Bordeaux,France
Maule Valley,Chile
California,US
Marlborough,New Zealand
Bordeaux,France
Bordeaux,France
Bordeaux,France
Chile,Chile
California,US
Sicily & Sardinia,Italy
Southern Italy,Italy
California,US
New York,US
Leyda Valley,Chile
California,US
California,US
California,US
Bordeaux,France
Southern Italy,Italy
Washington,US
Sicily & Sardinia,Italy
Bordeaux,France
Central Valley,Chile
New York,US
Washington,US
Südoststeiermark,Austria
South Australia,Australia
Corinth,Greece
Kremstal,Austria
California,US
Burgenland,Austria
Burgenland,Austria
Halkidiki,Greece
Veneto,Italy
Veneto,Italy
Veneto,Italy
Veneto,Italy
California,US
California,US
Veneto,Italy
Washington,US
Veneto,Italy
Mendoza Province,Argentina
Rheinhessen,Germany
California,US
California,US
Mendoza Province,Argentina
Burgenland,Austria
Veneto,Italy
Douro,Portugal
Mendoza Province,Argentina
Burgundy,France
California,US
Piedmont,Italy
South Australia,Australia
Piedmont,Italy
Piedmont,Italy
Alentejo,Portugal
Burgundy,France
Thrace,Turkey
Burgundy,France
Burgundy,France
California,US
Burgundy,France
France Other,France
Mendoza Province,Argentina
Mendoza Province,Argentina
Mendoza Province,Argentina
Oregon,US
Piedmont,Italy
Victoria,Australia
South Australia,Australia
Pfalz,Germany
Burgundy,France
Texas,US
California,US
Lisboa,Portugal
Piedmont,Italy
Oregon,US
Piedmont,Italy
Douro,Portugal
California,US
California,US
California,US
California,US
California,US
California,US
Douro,Portugal
California,US
Piedmont,Italy
Central Italy,Italy
California,US
Bordeaux,France
California,US
California,US
California,US
Alentejo,Portugal
California,US
California,US
California,US
California,US
Douro,Portugal
California,US
California,US
California,US
California,US
California,US
California,US
California,US
Tuscany,Italy
Bordeaux,France
Tuscany,Italy
Bordeaux,France
Washington,US
Robertson,South Africa
Pfalz,Germany
California,US
Stellenbosch,South Africa
California,US
Robertson,South Africa
Washington,US
Washington,US
Tuscany,Italy
Pfalz,Germany
Pfalz,Germany
Washington,US
Washington,US
Stellenbosch,South Africa
California,US
Northern Spain,Spain
Tuscany,Italy
Central Spain,Spain
Sicily & Sardinia,Italy
Sicily & Sardinia,Italy
California,US
New York,US
California,US
Dan,Israel
Michigan,US
California,US
Sicily & Sardinia,Italy
Galicia,Spain
California,US
California,US
Sicily & Sardinia,Italy
California,US
Sicily & Sardinia,Italy
California,US
California,US
California,US
Sicily & Sardinia,Italy
Vinho Verde,Portugal
Central Spain,Spain
Northern Spain,Spain
New York,US
Sicily & Sardinia,Italy
Burgundy,France
Marlborough,New Zealand
Southern Italy,Italy
California,US
Northeastern Italy,Italy
Rheinhessen,Germany
Northeastern Italy,Italy
Northeastern Italy,Italy
Northeastern Italy,Italy
California,US
Catalonia,Spain
California,US
Loire Valley,France
Northwestern Italy,Italy
California,US
Northeastern Italy,Italy
California,US
Loire Valley,France
Loire Valley,France
Rheingau,Germany
Mosel,Germany
Andalucia,Spain
Catalonia,Spain
Oregon,US
Vinho Verde,Portugal
California,US
California,US
California,US
Northeastern Italy,Italy
California,US
Northeastern Italy,Italy
Northeastern Italy,Italy
Southern Italy,Italy
California,US
California,US
Awatere Valley,New Zealand
Wiener Gemischter Satz,Austria
Catalonia,Spain
Kamptal,Austria
Catalonia,Spain
California,US
California,US
Northern Spain,Spain
Central Otago,New Zealand
California,US
Southwest France,France
Provence,France
Southwest France,France
Southwest France,France
California,US
New York,US
New York,US
California,US
Southern Italy,Italy
Provence,France
Provence,France
Provence,France
Wachau,Austria
California,US
California,US
Sicily & Sardinia,Italy
Oregon,US
Mendoza Province,Argentina
Southern Italy,Italy
Washington,US
Sicily & Sardinia,Italy
Southern Italy,Italy
Bordeaux,France
Bordeaux,France
Bordeaux,France
California,US
Washington,US
Bordeaux,France
Northern Spain,Spain
Northern Spain,Spain
California,US
California,US
Sicily & Sardinia,Italy
California,US
Southern Italy,Italy
Bordeaux,France
Provence,France
Maipo Valley,Chile
Provence,France
California,US
Northeastern Italy,Italy
California,US
Pennsylvania,US
Northeastern Italy,Italy
California,US
California,US
Provence,France
California,US
Douro,Portugal
Washington,US
Provence,France
California,US
California,US
Curicó Valley,Chile
California,US
Northeastern Italy,Italy
Mosel,Germany
Oregon,US
Northeastern Italy,Italy
California,US
Swartland,South Africa
Swartland,South Africa
Northeastern Italy,Italy
California,US
California,US
Mendoza Province,Argentina
California,US
Michigan,US
Port,Portugal
Mosel,Germany
Northeastern Italy,Italy
Dão,Portugal
Michigan,US
Northeastern Italy,Italy
Northeastern Italy,Italy
Northeastern Italy,Italy
California,US
California,US
Northeastern Italy,Italy
Northeastern Italy,Italy
California,US
Mosel,Germany
Douro,Portugal
Port,Portugal
California,US
Provence,France
Alsace,France
Alsace,France
California,US
Washington,US
Washington,US
Washington,US
Alsace,France
Burgenland,Austria
California,US
Washington,US
Leithaberg,Austria
Alsace,France
Alsace,France
California,US
Washington,US
California,US
Washington,US
Provence,France
Provence,France
Simonsberg-Stellenbosch,South Africa
Washington,US
Washington,US
Provence,France
Wachau,Austria
Washington,US
California,US
Wagram-Donauland,Austria
Burgenland,Austria
California,US
California,US
Southwest France,France
Burgundy,France
Douro,Portugal
California,US
Rhône Valley,France
Burgundy,France
Burgundy,France
Tuscany,Italy
Burgundy,France
Veneto,Italy
California,US
California,US
Mosel,Germany
Southwest France,France
California,US
Northeastern Italy,Italy
California,US
Tuscany,Italy
Burgundy,France
California,US
Alentejo,Portugal
California,US
California,US
California,US
California,US
California,US
Tuscany,Italy
California,US
Colchagua Valley,Chile
Central Italy,Italy
Northeastern Italy,Italy
Washington,US
Rio Claro,Chile
South Australia,Australia
Maule Valley,Chile
Colchagua Valley,Chile
California,US
Mendoza Province,Argentina
Loire Valley,France
Marlborough,New Zealand
California,US
Villány,Hungary
California,US
Central Italy,Italy
Tuscany,Italy
Marlborough,New Zealand
Central Italy,Italy
Marlborough,New Zealand
Other,Argentina
California,US
California,US
Mendoza Province,Argentina
Mendoza Province,Argentina
Northeastern Italy,Italy
Cachapoal Valley,Chile
Sicily & Sardinia,Italy
California,US
California,US
Sicily & Sardinia,Italy
Oregon,US
Kamptal,Austria
Southwest France,France
Southwest France,France
Beaujolais,France
Colchagua Valley,Chile
California,US
Sicily & Sardinia,Italy
Beaujolais,France
Sicily & Sardinia,Italy
Oregon,US
California,US
Bordeaux,France
Southwest France,France
Southwest France,France
Maipo Valley,Chile
Southwest France,France
Cachapoal Valley,Chile
Sicily & Sardinia,Italy
Oregon,US
Cachapoal Valley,Chile
California,US
Sicily & Sardinia,Italy
Alentejano,Portugal
Alentejano,Portugal
California,US
Catalonia,Spain
Levante,Spain
Central Spain,Spain
California,US
Loire Valley,France
Bordeaux,France
Bordeaux,France
Bordeaux,France
Bordeaux,France
California,US
Catalonia,Spain
Lisboa,Portugal
Lisboa,Portugal
Jidvei,Romania
Southern Italy,Italy
Catalonia,Spain
Colchagua Valley,Chile
Lisboa,Portugal
Central Valley,Chile
Central Valley,Chile
Veneto,Italy
Península de Setúbal,Portugal
Alentejo,Portugal
Southern Italy,Italy
California,US
Vinho Verde,Portugal
Washington,US
California,US
Bordeaux,France
Bordeaux,France
Washington,US
Tuscany,Italy
Bordeaux,France
Tuscany,Italy
Tuscany,Italy
California,US
Bordeaux,France
California,US
Bordeaux,France
Bordeaux,France
Tuscany,Italy
Bordeaux,France
Bordeaux,France
Bordeaux,France
California,US
Bordeaux,France
Bordeaux,France
California,US
Bordeaux,France
California,US
Bordeaux,France
Bordeaux,France
Bordeaux,France
Washington,US
California,US
California,US
New York,US
California,US
Sicily & Sardinia,Italy
Bordeaux,France
Bordeaux,France
New York,US
Bordeaux,France
Bordeaux,France
Bordeaux,France
Bordeaux,France
Bordeaux,France
Bordeaux,France
Washington,US
Bordeaux,France
California,US
California,US
Washington,US
Sicily & Sardinia,Italy
Washington,US
Hawke's Bay,New Zealand
New York,US
California,US
Washington,US
Sicily & Sardinia,Italy
Washington,US
Bordeaux,France
Bordeaux,France
Bordeaux,France
Bordeaux,France
France Other,France
France Other,France
Tejo,Portugal
Mendoza Province,Argentina
Alentejo,Portugal
Alentejano,Portugal
Mendoza Province,Argentina
Mendoza Province,Argentina
Loire Valley,France
France Other,France
Virginia,US
Mendoza Province,Argentina
America,US
Loire Valley,France
Alentejano,Portugal
Alentejano,Portugal
Virginia,US
France Other,France
Península de Setúbal,Portugal
Mendoza Province,Argentina
California,US
Australia Other,Australia
California,US
Loire Valley,France
Douro,Portugal
Tejo,Portugal
California,US
Piedmont,Italy
California,US
California,US
Catalonia,Spain
Mendoza Province,Argentina
California,US
Mendoza Province,Argentina
Western Australia,Australia
Lisboa,Portugal
Other,Argentina
Oregon,US
Lisboa,Portugal
Alentejano,Portugal
Douro,Portugal
Bordeaux,France
Bordeaux,France
Bordeaux,France
Oregon,US
Oregon,US
Oregon,US
Central Italy,Italy
Alentejano,Portugal
California,US
Other,Argentina
Australia Other,Australia
California,US
Central Italy,Italy
Bordeaux,France
Bordeaux,France
Oregon,US
Oregon,US
California,US
Rhône Valley,France
Rhône Valley,France
Tuscany,Italy
California,US
California,US
California,US
Mendoza Province,Argentina
Niederösterreich,Austria
Tuscany,Italy
Oregon,US
Traisental,Austria
Tuscany,Italy
Oregon,US
Tuscany,Italy
California,US
California,US
California,US
Rhône Valley,France
California,US
Niederösterreich,Austria
California,US
Mendoza Province,Argentina
Tuscany,Italy
Galilee,Israel
Tuscany,Italy
Tuscany,Italy
Bairrada,Portugal
Northern Spain,Spain
California,US
New York,US
Negev Hills,Israel
Tuscany,Italy
Australia Other,Australia
Western Australia,Australia
Northern Spain,Spain
Tuscany,Italy
California,US
Northern Spain,Spain
South Australia,Australia
Tuscany,Italy
Douro,Portugal
Galilee,Israel
California,US
Ribatejano,Portugal
Catalonia,Spain
California,US
Central Spain,Spain
Northern Spain,Spain
Galicia,Spain
South Australia,Australia
Pennsylvania,US
New York,US
Northern Spain,Spain
Bordeaux,France
California,US
California,US
Washington,US
Washington,US
Tuscany,Italy
Bordeaux,France
Washington,US
Washington,US
Tuscany,Italy
California,US
Tuscany,Italy
California,US
Tuscany,Italy
Washington,US
California,US
Tuscany,Italy
Bordeaux,France
Bordeaux,France
Bordeaux,France
Bordeaux,France
Bordeaux,France
California,US
Bordeaux,France
Levante,Spain
Washington,US
Northern Spain,Spain
Bordeaux,France
Catalonia,Spain
Washington,US
Loire Valley,France
France Other,France
Central Spain,Spain
Bordeaux,France
New York,US
California,US
New York,US
Catalonia,Spain
Bordeaux,France
Washington,US
Bordeaux,France
Bordeaux,France
Cachapoal Valley,Chile
Bordeaux,France
California,US
France Other,France
Central Valley,Chile
California,US
Bordeaux,France
Bordeaux,France
Bordeaux,France
Bordeaux,France
Bordeaux,France
Washington,US
Tuscany,Italy
Catalonia,Spain
Bordeaux,France
Bordeaux,France
Bordeaux,France
Idaho,US
California,US
California,US
California,US
Mendoza Province,Argentina
California,US
Washington,US
Tuscany,Italy
California,US
California,US
Washington,US
Tuscany,Italy
Piedmont,Italy
Bordeaux,France
Bordeaux,France
Tejo,Portugal
Duriense,Portugal
Beaujolais,France
Beaujolais,France
California,US
Catalonia,Spain
Champagne,France
California,US
Levante,Spain
Northern Spain,Spain
California,US
Tejo,Portugal
Duriense,Portugal
Levante,Spain
Mendoza Province,Argentina
Catalonia,Spain
California,US
Beaujolais,France
Beaujolais,France
Beaujolais,France
Alentejano,Portugal
Mendoza Province,Argentina
Beaujolais,France
Beaujolais,France
California,US
Beaujolais,France
Galicia,Spain
Levante,Spain
California,US
Oregon,US
California,US
California,US
Northern Spain,Spain
California,US
Northern Spain,Spain
Michigan,US
Alsace,France
California,US
California,US
California,US
California,US
California,US
Northern Spain,Spain
Mendoza Province,Argentina
Galicia,Spain
Northern Spain,Spain
Northern Spain,Spain
Central Spain,Spain
California,US
New Jersey,US
Mendoza Province,Argentina
Alsace,France
Oregon,US
Northern Spain,Spain
Mendoza Province,Argentina
California,US
California,US
Oregon,US
Sicily & Sardinia,Italy
Bordeaux,France
Bordeaux,France
Bordeaux,France
California,US
Tuscany,Italy
Tuscany,Italy
Washington,US
California,US
Washington,US
Tuscany,Italy
Dão,Portugal
Bordeaux,France
Bordeaux,France
Washington,US
Languedoc-Roussillon,France
Tuscany,Italy
Tuscany,Italy
Tuscany,Italy
California,US
Bordeaux,France
Bordeaux,France
Washington,US
Washington,US
California,US
Beiras,Portugal
Tuscany,Italy
South Australia,Australia
California,US
Washington,US
Burgundy,France
South Australia,Australia
South Australia,Australia
Southern Italy,Italy
California,US
South Australia,Australia
Southern Italy,Italy
Oregon,US
South Australia,Australia
Catalonia,Spain
Mendoza Province,Argentina
Oregon,US
Burgundy,France
Mendoza Province,Argentina
Victoria,Australia
Southern Italy,Italy
California,US
Spanish Islands,Spain
Southern Italy,Italy
Australia Other,Australia
South Australia,Australia
California,US
California,US
Österreichischer Sekt,Austria
Washington,US
California,US
Colchagua Valley,Chile
Casablanca Valley,Chile
Aconcagua Valley,Chile
Bordeaux,France
Bordeaux,France
Bordeaux,France
Washington,US
Wachau,Austria
California,US
Colchagua Valley,Chile
Piedmont,Italy
Washington,US
Bordeaux,France
Piedmont,Italy
California,US
Western Australia,Australia
Upper Galilee,Israel
Piedmont,Italy
Bordeaux,France
South Australia,Australia
Leyda Valley,Chile
California,US
Colchagua Valley,Chile
Maipo Valley,Chile
Washington,US
Bordeaux,France
Wachau,Austria
Washington,US
California,US
Southwest France,France
California,US
California,US
Washington,US
California,US
Maipo Valley,Chile
Washington,US
Bordeaux,France
California,US
Washington,US
Cachapoal Valley,Chile
Galilee,Israel
California,US
Beaujolais,France
California,US
Virginia,US
Sicily & Sardinia,Italy
Sicily & Sardinia,Italy
California,US
California,US
Beaujolais,France
Casablanca Valley,Chile
Oregon,US
Southern Italy,Italy
Bordeaux,France
Bordeaux,France
Beaujolais,France
Southwest France,France
Sicily & Sardinia,Italy
Oregon,US
Oregon,US
Southern Italy,Italy
Southwest France,France
Southern Italy,Italy
Southern Italy,Italy
California,US
California,US
Sicily & Sardinia,Italy
Virginia,US
Sicily & Sardinia,Italy
California,US
California,US
Beaujolais,France
Central Spain,Spain
Levante,Spain
Oregon,US
Alsace,France
Mendoza Province,Argentina
Mendoza Province,Argentina
Mendoza Province,Argentina
Virginia,US
California,US
Oregon,US
Sicily & Sardinia,Italy
Alsace,France
Alsace,France
Sicily & Sardinia,Italy
Central Spain,Spain
Mendoza Province,Argentina
Alsace,France
Oregon,US
Vinho Espumante,Portugal
Península de Setúbal,Portugal
Alsace,France
California,US
Alsace,France
Alsace,France
California,US
Mendoza Province,Argentina
Alsace,France
Northern Spain,Spain
Alsace,France
Alsace,France
Tejo,Portugal
California,US
California,US
California,US
Oregon,US
Lombardy,Italy
Northeastern Italy,Italy
Oregon,US
Maipo Valley,Chile
Burgundy,France
Maipo Valley,Chile
Northeastern Italy,Italy
Lombardy,Italy
Tuscany,Italy
California,US
Douro,Portugal
Tejo,Portugal
California,US
California,US
Veneto,Italy
Northeastern Italy,Italy
Bordeaux,France
Piedmont,Italy
Champagne,France
Champagne,France
California,US
Piedmont,Italy
Piedmont,Italy
Piedmont,Italy
Piedmont,Italy
Piedmont,Italy
Burgenland,Austria
Niederösterreich,Austria
Niederösterreich,Austria
Niederösterreich,Austria
California,US
California,US
Piedmont,Italy
Piedmont,Italy
Piedmont,Italy
Piedmont,Italy
Piedmont,Italy
Piedmont,Italy
Piedmont,Italy
Piedmont,Italy
California,US
Champagne,France
California,US
California,US
California,US
California,US
Washington,US
California,US
California,US
Bordeaux,France
Veneto,Italy
Washington,US
Sicily & Sardinia,Italy
Sicily & Sardinia,Italy
Bordeaux,France
Washington,US
Casablanca Valley,Chile
Champagne,France
California,US
California,US
California,US
Mendoza Province,Argentina
Maipo Valley,Chile
California,US
California,US
California,US
California,US
Champagne,France
Washington,US
Alentejo,Portugal
Northeastern Italy,Italy
Northeastern Italy,Italy
Vinho Verde,Portugal
California,US
Northeastern Italy,Italy
California,US
Northeastern Italy,Italy
California,US
California,US
California,US
Northeastern Italy,Italy
Northeastern Italy,Italy
Alentejano,Portugal
Maipo Valley,Chile
Northeastern Italy,Italy
California,US
Northeastern Italy,Italy
Oregon,US
Northeastern Italy,Italy
Provence,France
Provence,France
Bordeaux,France
Bordeaux,France
Epanomi,Greece
California,US
Washington,US
Washington,US
California,US
New York,US
Bordeaux,France
Bordeaux,France
Bordeaux,France
Bordeaux,France
California,US
California,US
California,US
Washington,US
Piedmont,Italy
Loire Valley,France
California,US
Bordeaux,France
Piedmont,Italy
Central Italy,Italy
Catalonia,Spain
California,US
South Australia,Australia
Northern Spain,Spain
Central Italy,Italy
Northern Spain,Spain
Mendoza Province,Argentina
Bordeaux,France
Beaujolais,France
Washington,US
Northern Spain,Spain
Oregon,US
Central Italy,Italy
Central Italy,Italy
Douro,Portugal
California,US
Central Spain,Spain
California,US
Central Spain,Spain
Levante,Spain
Other,Argentina
Washington,US
Beaujolais,France
Lisboa,Portugal
Central Italy,Italy
Central Italy,Italy
California,US
Galicia,Spain
Oregon,US
New York,US
New York,US
Nemea,Greece
California,US
California,US
California,US
Wachau,Austria
Piedmont,Italy
Washington,US
Piedmont,Italy
California,US
Northern Spain,Spain
California,US
California,US
Niederösterreich,Austria
Catalonia,Spain
Rhône Valley,France
Northern Spain,Spain
California,US
Peloponnese,Greece
Washington,US
Crete,Greece
Piedmont,Italy
California,US
New York,US
California,US
California,US
California,US
California,US
Washington,US
Colchagua Valley,Chile
California,US
California,US
California,US
Veneto,Italy
Alsace,France
California,US
California,US
California,US
Washington,US
Washington,US
Aconcagua Costa,Chile
California,US
Alsace,France
California,US
California,US
California,US
California,US
Alsace,France
Veneto,Italy
Burgundy,France
California,US
Marlborough,New Zealand
Alsace,France
Maule Valley,Chile
Maipo Valley,Chile
California,US
California,US
Washington,US
New York,US
Tuscany,Italy
Tuscany,Italy
Tuscany,Italy
Burgundy,France
Tuscany,Italy
California,US
Tuscany,Italy
California,US
Tuscany,Italy
Tuscany,Italy
Tuscany,Italy
California,US
Tuscany,Italy
Tuscany,Italy
California,US
Tuscany,Italy
Tuscany,Italy
California,US
California,US
Tuscany,Italy
Burgundy,France
Burgundy,France
California,US
Tuscany,Italy
Tuscany,Italy
Tuscany,Italy
California,US
California,US
California,US
California,US
Mendoza Province,Argentina
California,US
South Australia,Australia
Piedmont,Italy
Bordeaux,France
Bordeaux,France
Piedmont,Italy
Bordeaux,France
Lombardy,Italy
Lombardy,Italy
Bordeaux,France
Niederösterreich,Austria
California,US
California,US
California,US
California,US
California,US
California,US
Moravia,Czech Republic
Vinho Verde,Portugal
California,US
Tuscany,Italy
Tuscany,Italy
Mendoza Province,Argentina
California,US
Alsace,France
California,US
Oregon,US
Tuscany,Italy
Oregon,US
Galicia,Spain
Northern Spain,Spain
California,US
Tuscany,Italy
Moravia,Czech Republic
California,US
California,US
Mendoza Province,Argentina
Slovenia,Slovenia
Tuscany,Italy
Pfalz,Germany
Tuscany,Italy
Tuscany,Italy
California,US
Washington,US
Pfalz,Germany
Pfalz,Germany
California,US
Stellenbosch,South Africa
Washington,US
California,US
Tuscany,Italy
Bordeaux,France
Tuscany,Italy
California,US
Northern Spain,Spain
Pfalz,Germany
Pfalz,Germany
Western Australia,Australia
Tuscany,Italy
Tuscany,Italy
Tuscany,Italy
California,US
Tuscany,Italy
Tuscany,Italy
Loire Valley,France
Bordeaux,France
Bordeaux,France
Bordeaux,France
Bordeaux,France
France Other,France
California,US
Washington,US
California,US
California,US
Piedmont,Italy
New York,US
Maule Valley,Chile
Loire Valley,France
California,US
Levante,Spain
Washington,US
Maule Valley,Chile
California,US
Colchagua Valley,Chile
California,US
Washington,US
Colchagua Valley,Chile
New York,US
California,US
Loire Valley,France
California,US
California,US
California,US
Washington,US
California,US
Veneto,Italy
Mendoza Province,Argentina
Virginia,US
California,US
California,US
California,US
Northern Spain,Spain
California,US
California,US
Burgundy,France
Burgundy,France
Burgundy,France
Veneto,Italy
California,US
Southwest France,France
Burgenland,Austria
Washington,US
Washington,US
Beaujolais,France
Veneto,Italy
Washington,US
Alsace,France
Southwest France,France
Veneto,Italy
Northeastern Italy,Italy
Washington,US
Veneto,Italy
Washington,US
Veneto,Italy
Virginia,US
America,US
Vinho Verde,Portugal
Alentejano,Portugal
Douro,Portugal
Terras do Dão,Portugal
California,US
Oregon,US
Mendoza Province,Argentina
France Other,France
Loire Valley,France
Loire Valley,France
Tejo,Portugal
Douro,Portugal
Port,Portugal
Douro,Portugal
Oregon,US
Beira Interior,Portugal
Douro,Portugal
Douro,Portugal
Oregon,US
Marlborough,New Zealand
Sicily & Sardinia,Italy
California,US
France Other,France
California,US
Marlborough,New Zealand
America,US
France Other,France
California,US
Sicily & Sardinia,Italy
Maipo Valley,Chile
Southern Italy,Italy
Sicily & Sardinia,Italy
Bordeaux,France
Sicily & Sardinia,Italy
California,US
Southern Italy,Italy
California,US
Aconcagua Valley,Chile
California,US
Sicily & Sardinia,Italy
Beaujolais,France
Bordeaux,France
Oregon,US
Maipo Valley,Chile
Sicily & Sardinia,Italy
Sicily & Sardinia,Italy
Beaujolais,France
California,US
Oregon,US
Oregon,US
Beaujolais,France
Southwest France,France
Casablanca Valley,Chile
Southern Italy,Italy
California,US
Virginia,US
Niederösterreich,Austria
Central Italy,Italy
California,US
California,US
California,US
Oregon,US
California,US
Central Italy,Italy
Central Italy,Italy
California,US
Central Italy,Italy
Central Italy,Italy
New York,US
Tuscany,Italy
California,US
California,US
Washington,US
Washington,US
Washington,US
California,US
California,US
California,US
Tuscany,Italy
California,US
Bordeaux,France
Bordeaux,France
Bordeaux,France
Bordeaux,France
Bordeaux,France
Bordeaux,France
Bordeaux,France
Tuscany,Italy
Andalucia,Spain
Northern Spain,Spain
California,US
New York,US
California,US
California,US
California,US
California,US
California,US
California,US
California,US
California,US
Washington,US
Washington,US
Washington,US
Washington,US
Washington,US
Dealu Mare,Romania
Colchagua Valley,Chile
Washington,US
California,US
Alsace,France
Alsace,France
Burgundy,France
Colchagua Valley,Chile
Colchagua Valley,Chile
California,US
Veneto,Italy
Northeastern Italy,Italy
California,US
New York,US
Alsace,France
Panciu,Romania
Washington,US
California,US
Colchagua Valley,Chile
California,US
California,US
California,US
Northern Spain,Spain
Piedmont,Italy
Piedmont,Italy
Piedmont,Italy
Piedmont,Italy
Oregon,US
Piedmont,Italy
California,US
Piedmont,Italy
South Australia,Australia
Piedmont,Italy
Piedmont,Italy
Piedmont,Italy
Piedmont,Italy
Piedmont,Italy
Piedmont,Italy
Piedmont,Italy
Piedmont,Italy
Northeastern Italy,Italy
California,US
Niederösterreich,Austria
Niederösterreich,Austria
California,US
Northern Spain,Spain
Central Otago,New Zealand
California,US
Northern Spain,Spain
Burgenland,Austria
California,US
Northeastern Italy,Italy
France Other,France
California,US
Central Italy,Italy
France Other,France
California,US
Provence,France
California,US
New York,US
Marlborough,New Zealand
Niederösterreich,Austria
Galicia,Spain
Northern Spain,Spain
California,US
Mendoza Province,Argentina
California,US
California,US
California,US
California,US
California,US
California,US
California,US
California,US
Marlborough,New Zealand
California,US
Sicily & Sardinia,Italy
California,US
California,US
Burgenland,Austria
Washington,US
Washington,US
Washington,US
Washington,US
Sicily & Sardinia,Italy
Washington,US
Washington,US
Southern Italy,Italy
Washington,US
California,US
Washington,US
Washington,US
Washington,US
Washington,US
Washington,US
Washington,US
Washington,US
California,US
Bordeaux,France
Bordeaux,France
Wachau,Austria
Western Australia,Australia
Niederösterreich,Austria
Pfalz,Germany
Washington,US
Piedmont,Italy
Piedmont,Italy
Washington,US
Western Australia,Australia
Kamptal,Austria
Galilee,Israel
Mosel,Germany
Western Australia,Australia
Rheinhessen,Germany
Western Australia,Australia
California,US
California,US
Colchagua Valley,Chile
California,US
California,US
Maipo Valley,Chile
Maipo Valley,Chile
Washington,US
Washington,US
California,US
Western Australia,Australia
Washington,US
Mosel,Germany
Washington,US
Other,Argentina
Ontario,Canada
Australia Other,Australia
Mendoza Province,Argentina
Southern Italy,Italy
New Jersey,US
California,US
California,US
California,US
California,US
California,US
California,US
California,US
Oregon,US
California,US
California,US
South Australia,Australia
Tuscany,Italy
Dão,Portugal
Tuscany,Italy
Bordeaux,France
Bordeaux,France
Bordeaux,France
Bordeaux,France
California,US
Tasmania,Australia
Maipo Valley,Chile
South Australia,Australia
Tuscany,Italy
California,US
California,US
Tuscany,Italy
New York,US
Washington,US
Washington,US
Washington,US
Beiras,Portugal
Tejo,Portugal
Douro,Portugal
Tuscany,Italy
Bordeaux,France
Bordeaux,France
Bordeaux,France
Bordeaux,France
Tuscany,Italy
Tuscany,Italy
Veneto,Italy
California,US
Washington,US
Washington,US
Burgenland,Austria
Veneto,Italy
California,US
California,US
Languedoc-Roussillon,France
California,US
Beaujolais,France
California,US
Mendoza Province,Argentina
Languedoc-Roussillon,France
Washington,US
California,US
Washington,US
Washington,US
Southwest France,France
California,US
California,US
Burgundy,France
Northern Spain,Spain
Veneto,Italy
Burgenland,Austria
Washington,US
Burgundy,France
California,US
California,US
California,US
Northeastern Italy,Italy
Valle de Guadalupe,Mexico
Colchagua Valley,Chile
Maipo Valley,Chile
California,US
California,US
California,US
Maipo Valley,Chile
California,US
California,US
California,US
Northeastern Italy,Italy
Colchagua Valley,Chile
Colchagua Valley,Chile
Rapel Valley,Chile
California,US
Aconcagua Valley,Chile
Northeastern Italy,Italy
California,US
California,US
California,US
Northeastern Italy,Italy
Maipo Valley,Chile
California,US
Northeastern Italy,Italy
Veneto,Italy
Veneto,Italy
Curicó Valley,Chile
Rapel Valley,Chile
Alsace,France
France Other,France
California,US
Bordeaux,France
Northern Spain,Spain
Sicily & Sardinia,Italy
Southern Italy,Italy
California,US
Languedoc-Roussillon,France
Alsace,France
Southern Italy,Italy
California,US
Leyda Valley,Chile
California,US
Chile,Chile
California,US
Northern Spain,Spain
Central Valley,Chile
Central Valley,Chile
Alsace,France
California,US
Bío Bío Valley,Chile
California,US
Northern Spain,Spain
Bordeaux,France
Bordeaux,France
Southern Italy,Italy
Romania,Romania
Romania,Romania
Romania,Romania
California,US
Bordeaux,France
Northern Spain,Spain
Central Valley,Chile
Languedoc-Roussillon,France
Languedoc-Roussillon,France
Casablanca Valley,Chile
California,US
Languedoc-Roussillon,France
Northern Spain,Spain
Colchagua Costa,Chile
Central Valley,Chile
Central Valley,Chile
California,US
California,US
California,US
California,US
Northern Spain,Spain
Bordeaux,France
Bordeaux,France
California,US
California,US
Loncomilla Valley,Chile
Casablanca Valley,Chile
Casablanca Valley,Chile
California,US
California,US
Maipo Valley,Chile
California,US
Maule Valley,Chile
Alentejano,Portugal
California,US
Vinho Verde,Portugal
California,US
California,US
California,US
California,US
Alentejano,Portugal
Portuguese Table Wine,Portugal
France Other,France
California,US
California,US
Beiras,Portugal
California,US
California,US
Mendoza Province,Argentina
Languedoc-Roussillon,France
California,US
California,US
Vinho Verde,Portugal
California,US
California,US
France Other,France
California,US
Tuscany,Italy
New York,US
Northern Spain,Spain
Washington,US
California,US
Tuscany,Italy
Washington,US
Washington,US
California,US
Washington,US
Washington,US
Tuscany,Italy
California,US
Tuscany,Italy
Galicia,Spain
California,US
Tuscany,Italy
Northern Spain,Spain
Tuscany,Italy
Tuscany,Italy
Bordeaux,France
Washington,US
Bordeaux,France
Bordeaux,France
Bordeaux,France
Bordeaux,France
Bordeaux,France
Bordeaux,France
Bordeaux,France
Tuscany,Italy
California,US
Tuscany,Italy
Beaujolais,France
Marlborough,New Zealand
Washington,US
Tuscany,Italy
Tuscany,Italy
Beaujolais,France
Beaujolais,France
Beaujolais,France
Beaujolais,France
California,US
Tuscany,Italy
California,US
Washington,US
Tuscany,Italy
California,US
New York,US
California,US
Tuscany,Italy
Colchagua Valley,Chile
Tuscany,Italy
California,US
Washington,US
Maipo Valley,Chile
Tuscany,Italy
Tuscany,Italy
Idaho,US
Tuscany,Italy
California,US
Northern Spain,Spain
Oregon,US
Tejo,Portugal
California,US
California,US
California,US
Northeastern Italy,Italy
Loire Valley,France
Veneto,Italy
California,US
California,US
California,US
Loire Valley,France
Lombardy,Italy
Oregon,US
Washington,US
California,US
California,US
California,US
California,US
California,US
California,US
California,US
California,US
Washington,US
Loire Valley,France
Southwest France,France
Southwest France,France
Lombardy,Italy
Southwest France,France
Northern Spain,Spain
Burgundy,France
Oregon,US
Burgundy,France
Veneto,Italy
Alentejano,Portugal
California,US
Northern Spain,Spain
Minho,Portugal
Lombardy,Italy
Alsace,France
Alsace,France
Oregon,US
Northern Spain,Spain
Lombardy,Italy
Burgundy,France
Burgundy,France
Northern Spain,Spain
Mosel,Germany
Northern Spain,Spain
Northeastern Italy,Italy
California,US
Catalonia,Spain
California,US
Alentejano,Portugal
Veneto,Italy
Port,Portugal
Vinho Verde,Portugal
Missouri,US
California,US
Curicó Valley,Chile
Mendoza Province,Argentina
Burgundy,France
California,US
California,US
Texas,US
Rapel Valley,Chile
New Mexico,US
California,US
California,US
Mendoza Province,Argentina
Mendoza Province,Argentina
Nevada,US
California,US
California,US
Virginia,US
New York,US
Washington,US
Mendoza Province,Argentina
California,US
Washington,US
New York,US
New York,US
Mendoza Province,Argentina
Washington,US
South Australia,Australia
Oregon,US
Oregon,US
California,US
South Australia,Australia
Mendoza Province,Argentina
California,US
Western Australia,Australia
California,US
South Australia,Australia
Burgundy,France
Northern Spain,Spain
California,US
Northern Spain,Spain
Sicily & Sardinia,Italy
Mendoza Province,Argentina
South Australia,Australia
Sicily & Sardinia,Italy
Oregon,US
California,US
California,US
Central Spain,Spain
Western Australia,Australia
California,US
Virginia,US
California,US
Bordeaux,France
Bordeaux,France
Bordeaux,France
Bordeaux,France
Bordeaux,France
Alsace,France
South Australia,Australia
South Australia,Australia
California,US
California,US
California,US
California,US
Central Italy,Italy
Mosel,Germany
Oregon,US
California,US
California,US
Niederösterreich,Austria
South Australia,Australia
California,US
California,US
Piedmont,Italy
Champagne,France
Lombardy,Italy
Alsace,France
Mosel,Germany
Italy Other,Italy
Catalonia,Spain
Galicia,Spain
Piedmont,Italy
California,US
Washington,US
Washington,US
Washington,US
California,US
Languedoc-Roussillon,France
Tuscany,Italy
Northern Spain,Spain
Washington,US
Alsace,France
Tuscany,Italy
Champagne,France
Burgenland,Austria
Washington,US
Alsace,France
California,US
Northern Spain,Spain
Washington,US
Washington,US
Washington,US
Weinviertel,Austria
Washington,US
Northern Spain,Spain
California,US
California,US
California,US
Bucelas,Portugal
Galicia,Spain
California,US
Central Italy,Italy
Washington,US
Washington,US
Central Italy,Italy
Douro,Portugal
Lisboa,Portugal
Catalonia,Spain
Washington,US
California,US
Washington,US
Beaujolais,France
Mendoza Province,Argentina
Beaujolais,France
Washington,US
California,US
Lisboa,Portugal
Lombardy,Italy
Pfalz,Germany
California,US
Oregon,US
California,US
California,US
Mendoza Province,Argentina
Mendoza Province,Argentina
Beaujolais,France
Washington,US
Oregon,US
California,US
California,US
Burgundy,France
Washington,US
Sicily & Sardinia,Italy
Washington,US
California,US
Burgundy,France
Burgundy,France
California,US
Burgundy,France
Burgundy,France
California,US
California,US
California,US
Washington,US
California,US
Washington,US
Washington,US
South Australia,Australia
California,US
Veneto,Italy
Veneto,Italy
Veneto,Italy
Veneto,Italy
Washington,US
California,US
Veneto,Italy
Washington,US
Veneto,Italy
Veneto,Italy
Victoria,Australia
Central Valley,Chile
Alsace,France
Veneto,Italy
Veneto,Italy
Veneto,Italy
Central Spain,Spain
South Australia,Australia
California,US
California,US
Peumo,Chile
Casablanca Valley,Chile
Colchagua Valley,Chile
Veneto,Italy
Veneto,Italy
Alsace,France
Veneto,Italy
Alsace,France
Colchagua Valley,Chile
Bordeaux,France
Bordeaux,France
California,US
California,US
California,US
California,US
Oregon,US
California,US
California,US
Mendoza Province,Argentina
Central Italy,Italy
Bordeaux,France
California,US
California,US
Oregon,US
Oregon,US
California,US
California,US
California,US
California,US
,
Northern Spain,Spain
Bordeaux,France
Bordeaux,France
Western Australia,Australia
Mendoza Province,Argentina
Südsteiermark,Austria
Kamptal,Austria
Kamptal,Austria
California,US
Washington,US
California,US
Washington,US
Burgundy,France
Washington,US
Niederösterreich,Austria
Washington,US
Other,Argentina
Mendoza Province,Argentina
California,US
Kamptal,Austria
California,US
Washington,US
Northern Spain,Spain
California,US
Marlborough,New Zealand
Mendoza Province,Argentina
Other,Argentina
Mendoza Province,Argentina
Alsace,France
Veneto,Italy
Veneto,Italy
Alsace,France
California,US
Mendoza Province,Argentina
Veneto,Italy
Veneto,Italy
Veneto,Italy
Veneto,Italy
Veneto,Italy
Veneto,Italy
Veneto,Italy
Oregon,US
California,US
California,US
Alsace,France
Alsace,France
California,US
Mendoza Province,Argentina
Beaujolais,France
Beaujolais,France
Beaujolais,France
Beaujolais,France
California,US
Tuscany,Italy
California,US
Südsteiermark,Austria
Washington,US
California,US
California,US
Beaujolais,France
New York,US
Rhône Valley,France
California,US
Rhône Valley,France
Tuscany,Italy
California,US
Kamptal,Austria
Thermenregion,Austria
Beaujolais,France
Tuscany,Italy
Kremstal,Austria
Washington,US
Washington,US
California,US
California,US
Tuscany,Italy
California,US
California,US
Northern Spain,Spain
Catalonia,Spain
Washington,US
Catalonia,Spain
Northeastern Italy,Italy
California,US
Catalonia,Spain
Central Italy,Italy
Bordeaux,France
Provence,France
Bordeaux,France
California,US
California,US
California,US
Northern Spain,Spain
California,US
Central Italy,Italy
Oregon,US
California,US
Central Italy,Italy
California,US
Galicia,Spain
Oregon,US
California,US
Thermenregion,Austria
California,US
San Antonio,Chile
Northern Spain,Spain
California,US
Central Italy,Italy
California,US
Washington,US
Washington,US
Tuscany,Italy
California,US
Washington,US
Champagne,France
California,US
Tuscany,Italy
California,US
California,US
Bordeaux,France
Bordeaux,France
Tuscany,Italy
California,US
Tuscany,Italy
California,US
Washington,US
Washington,US
California,US
Northern Spain,Spain
Carnuntum,Austria
Washington,US
Marlborough,New Zealand
Champagne,France
Bordeaux,France
Northern Spain,Spain
Tuscany,Italy
Bordeaux,France
California,US
Southwest France,France
Bucelas,Portugal
Sicily & Sardinia,Italy
Estremadura,Portugal
Sicily & Sardinia,Italy
Sicily & Sardinia,Italy
California,US
South Australia,Australia
Alentejo,Portugal
California,US
California,US
Mendoza Province,Argentina
Southern Italy,Italy
Southern Italy,Italy
Mendoza Province,Argentina
Washington,US
Washington,US
Sicily & Sardinia,Italy
South Australia,Australia
Washington,US
Southern Italy,Italy
California,US
California,US
California,US
Alentejano,Portugal
California,US
California,US
Estremadura,Portugal
Alentejano,Portugal
Levante,Spain
Coastal Region,South Africa
California,US
Catalonia,Spain
Veneto,Italy
California,US
California,US
California,US
Veneto,Italy
Alentejo,Portugal
Veneto,Italy
Veneto,Italy
California,US
Catalonia,Spain
California,US
Galilee,Israel
Tuscany,Italy
Washington,US
California,US
Catalonia,Spain
Tuscany,Italy
Judean Hills,Israel
Northern Spain,Spain
Canterbury,New Zealand
Tuscany,Italy
Bordeaux,France
Marlborough,New Zealand
California,US
Tuscany,Italy
California,US
Northern Spain,Spain
Tuscany,Italy
Burgundy,France
California,US
Burgundy,France
New York,US
Burgundy,France
New York,US
Sicily & Sardinia,Italy
New York,US
California,US
Rhône Valley,France
Galicia,Spain
Burgundy,France
Thrace,Turkey
New York,US
Burgundy,France
Northern Spain,Spain
Burgundy,France
Burgundy,France
Burgundy,France
California,US
New York,US
Burgundy,France
Burgundy,France
Burgundy,France
New York,US
California,US
New York,US
Northern Spain,Spain
Northern Spain,Spain
Rheingau,Germany
California,US
California,US
South Australia,Australia
California,US
Douro,Portugal
California,US
California,US
Oregon,US
California,US
California,US
Oregon,US
Oregon,US
California,US
Beaujolais,France
Washington,US
California,US
Washington,US
Douro,Portugal
Washington,US
Oregon,US
Mosel,Germany
Mosel,Germany
California,US
Oregon,US
Northern Spain,Spain
Washington,US
Douro,Portugal
Douro,Portugal
Michigan,US
Spain Other,Spain
Other,Argentina
Catalonia,Spain
California,US
California,US
California,US
Mendoza Province,Argentina
California,US
California,US
Mendoza Province,Argentina
Alentejano,Portugal
Tejo,Portugal
Tejo,Portugal
Oregon,US
Michigan,US
Michigan,US
Tejo,Portugal
Vinho Verde,Portugal
Central Spain,Spain
California,US
Galicia,Spain
Alentejo,Portugal
California,US
Lisboa,Portugal
Northeastern Italy,Italy
California,US
Northern Spain,Spain
California,US
California,US
California,US
Douro,Portugal
Vinho Verde,Portugal
Maule Valley,Chile
California,US
California,US
Loire Valley,France
Alentejano,Portugal
Douro,Portugal
Oregon,US
California,US
California,US
Beaujolais,France
Washington,US
Oregon,US
Levante,Spain
California,US
Washington,US
California,US
California,US
Northern Spain,Spain
Dão,Portugal
California,US
Douro,Portugal
Douro,Portugal
Douro,Portugal
California,US
Oregon,US
Piedmont,Italy
Piedmont,Italy
California,US
California,US
South Australia,Australia
Mendoza Province,Argentina
California,US
South Australia,Australia
California,US
Mendoza Province,Argentina
Mendoza Province,Argentina
California,US
South Australia,Australia
California,US
Oregon,US
Drama,Greece
Veneto,Italy
Rhône Valley,France
Lombardy,Italy
California,US
Alentejano,Portugal
California,US
California,US
Piedmont,Italy
Northern Spain,Spain
Rhône Valley,France
Douro,Portugal
Ella Valley,Israel
Oregon,US
Bordeaux,France
Bordeaux,France
Bordeaux,France
Bordeaux,France
Bordeaux,France
Douro,Portugal
Alsace,France
Alsace,France
New York,US
Oregon,US
Alsace,France
New York,US
Veneto,Italy
California,US
Veneto,Italy
California,US
Cachapoal Valley,Chile
New York,US
Veneto,Italy
Mosel,Germany
Maipo Valley,Chile
Alsace,France
Veneto,Italy
New York,US
California,US
Champagne,France
Washington,US
California,US
California,US
Washington,US
California,US
California,US
Oregon,US
Tuscany,Italy
Southern Italy,Italy
Oregon,US
Tuscany,Italy
California,US
California,US
Washington,US
Champagne,France
California,US
Galicia,Spain
Champagne,France
California,US
California,US
California,US
Central Italy,Italy
Champagne,France
Champagne,France
Southern Italy,Italy
Southern Italy,Italy
California,US
Rheinhessen,Germany
Piedmont,Italy
Niederösterreich,Austria
Western Australia,Australia
Washington,US
South Australia,Australia
California,US
Carnuntum,Austria
Bordeaux,France
Wachau,Austria
Piedmont,Italy
Piedmont,Italy
Piedmont,Italy
Washington,US
Washington,US
Piedmont,Italy
California,US
California,US
Western Australia,Australia
Piedmont,Italy
California,US
Südoststeiermark,Austria
Washington,US
Mosel,Germany
California,US
South Australia,Australia
Kamptal,Austria
Washington,US
Burgenland,Austria
Washington,US
Loire Valley,France
Tokaji,Hungary
Oregon,US
California,US
Sicily & Sardinia,Italy
Sicily & Sardinia,Italy
Port,Portugal
Loire Valley,France
Loire Valley,France
Alentejano,Portugal
Mosel,Germany
Sicily & Sardinia,Italy
Mendoza Province,Argentina
Oregon,US
Mendoza Province,Argentina
Dão,Portugal
Loire Valley,France
Moselle Luxembourgeoise,Luxembourg
California,US
Oregon,US
Other,Argentina
Oregon,US
California,US
Oregon,US
Mosel,Germany
Virginia,US
Douro,Portugal
Sicily & Sardinia,Italy
Loire Valley,France
Galilee,Israel
Tuscany,Italy
Languedoc-Roussillon,France
Bordeaux,France
Bordeaux,France
California,US
Australia Other,Australia
Australia Other,Australia
Washington,US
Bordeaux,France
South Australia,Australia
California,US
New York,US
California,US
Bordeaux,France
Languedoc-Roussillon,France
Washington,US
Tuscany,Italy
Douro,Portugal
California,US
California,US
Washington,US
Colchagua Valley,Chile
California,US
Tejo,Portugal
Central Valley,Chile
Northern Spain,Spain
Languedoc-Roussillon,France
Alentejano,Portugal
New York,US
California,US
Maipo Valley,Chile
Central Valley,Chile
Minho,Portugal
California,US
California,US
California,US
California,US
California,US
Colchagua Valley,Chile
California,US
Oregon,US
Leyda Valley,Chile
Central Valley,Chile
California,US
California,US
California,US
Maipo Valley,Chile
California,US
Maule Valley,Chile
Oregon,US
Central Valley,Chile
Vinho Verde,Portugal
Maule Valley,Chile
Bordeaux,France
Bordeaux,France
Bordeaux,France
Central Italy,Italy
Wachau,Austria
Wachau,Austria
California,US
Washington,US
California,US
California,US
Wachau,Austria
California,US
Washington,US
California,US
Wachau,Austria
Mendoza Province,Argentina
California,US
Washington,US
California,US
Washington,US
California,US
California,US
Washington,US
California,US
Curicó Valley,Chile
Marlborough,New Zealand
California,US
California,US
California,US
Provence,France
California,US
Maipo Valley,Chile
California,US
Piedmont,Italy
Southwest France,France
California,US
California,US
Australia Other,Australia
Walker Bay,South Africa
Colchagua Valley,Chile
Western Cape,South Africa
Western Cape,South Africa
Robertson,South Africa
Marlborough,New Zealand
California,US
Champagne,France
California,US
Port,Portugal
Burgundy,France
Burgundy,France
Northern Spain,Spain
Burgundy,France
Veneto,Italy
Lombardy,Italy
California,US
Northern Spain,Spain
Champagne,France
Champagne,France
Veneto,Italy
Mendoza Province,Argentina
Mosel,Germany
Mendoza Province,Argentina
California,US
Lombardy,Italy
Mosel,Germany
Oregon,US
Oregon,US
Northern Spain,Spain
Port,Portugal
Mendoza Province,Argentina
California,US
Southern Italy,Italy
Southern Italy,Italy
Württemberg,Germany
Baden,Germany
Southern Italy,Italy
Northern Spain,Spain
California,US
Galicia,Spain
Washington,US
Port,Portugal
Washington,US
Bordeaux,France
Bordeaux,France
Bordeaux,France
Tuscany,Italy
Catalonia,Spain
Beaujolais,France
Southwest France,France
Central Valley,Chile
California,US
Languedoc-Roussillon,France
Alsace,France
Southwest France,France
Provence,France
Catalonia,Spain
Pangeon,Greece
Alentejano,Portugal
Tuscany,Italy
Beaujolais,France
Tuscany,Italy
Curicó Valley,Chile
Tuscany,Italy
California,US
California,US
Central Valley,Chile
California,US
Southwest France,France
California,US
Beaujolais,France
Languedoc-Roussillon,France
Alsace,France
Northern Spain,Spain
Elqui Valley,Chile
Tuscany,Italy
California,US
Provence,France
Mendoza Province,Argentina
Mendoza Province,Argentina
Sicily & Sardinia,Italy
New York,US
Wairau Valley,New Zealand
Washington,US
New York,US
California,US
Northern Spain,Spain
Southern Italy,Italy
Southern Italy,Italy
California,US
Alsace,France
Virginia,US
California,US
California,US
California,US
Southern Italy,Italy
Virginia,US
Virginia,US
New York,US
New York,US
Marlborough,New Zealand
Washington,US
Alsace,France
Virginia,US
Southern Italy,Italy
Sicily & Sardinia,Italy
California,US
California,US
Österreichischer Sekt,Austria
Washington,US
California,US
Tuscany,Italy
Washington,US
New York,US
Washington,US
Tuscany,Italy
Tuscany,Italy
Tuscany,Italy
Tuscany,Italy
New York,US
Central Valley,Chile
Washington,US
Washington,US
Tuscany,Italy
Catalonia,Spain
California,US
California,US
Northern Spain,Spain
Maule Valley,Chile
California,US
Southwest France,France
California,US
Beaujolais,France
Southwest France,France
Rhône Valley,France
Southwest France,France
Tuscany,Italy
Douro,Portugal
Lisboa,Portugal
California,US
Northern Spain,Spain
California,US
Loire Valley,France
Rhône Valley,France
Rhône Valley,France
Tuscany,Italy
California,US
California,US
Alsace,France
Tuscany,Italy
California,US
Loire Valley,France
Alsace,France
Rhône Valley,France
Tuscany,Italy
Douro,Portugal
Tuscany,Italy
Alsace,France
California,US
California,US
Tejo,Portugal
Tuscany,Italy
Douro,Portugal
Tuscany,Italy
Alsace,France
California,US
Southern Italy,Italy
Sicily & Sardinia,Italy
California,US
Mosel,Germany
Oregon,US
Loire Valley,France
Loire Valley,France
Loire Valley,France
California,US
Maipo Valley,Chile
California,US
California,US
California,US
California,US
California,US
Lombardy,Italy
Loire Valley,France
California,US
California,US
Oregon,US
Southern Italy,Italy
California,US
California,US
Loire Valley,France
Mosel,Germany
California,US
Oregon,US
Oregon,US
Central Italy,Italy
California,US
Loire Valley,France
California,US
California,US
South Australia,Australia
Washington,US
Port,Portugal
Tuscany,Italy
Washington,US
Catalonia,Spain
Victoria,Australia
Central Spain,Spain
Washington,US
California,US
Galicia,Spain
Alentejano,Portugal
California,US
California,US
Loire Valley,France
Northern Spain,Spain
California,US
Levante,Spain
California,US
Oregon,US
Northeastern Italy,Italy
California,US
Northeastern Italy,Italy
Lisboa,Portugal
California,US
Northeastern Italy,Italy
Loire Valley,France
Northeastern Italy,Italy
Northeastern Italy,Italy
Northeastern Italy,Italy
Northeastern Italy,Italy
Northeastern Italy,Italy
Oregon,US
Loire Valley,France
Northeastern Italy,Italy
California,US
California,US
Mendoza Province,Argentina
Northeastern Italy,Italy
Northern Spain,Spain
California,US
Oregon,US
Tejo,Portugal
California,US
Northeastern Italy,Italy
California,US
Northeastern Italy,Italy
Northeastern Italy,Italy
California,US
Mendoza Province,Argentina
Mendoza Province,Argentina
California,US
California,US
Other,Argentina
Mendoza Province,Argentina
Northern Spain,Spain
California,US
California,US
Portuguese Table Wine,Portugal
California,US
Mendoza Province,Argentina
Mendoza Province,Argentina
California,US
California,US
Northern Spain,Spain
Vinho Verde,Portugal
California,US
Australia Other,Australia
Lisboa,Portugal
Australia Other,Australia
Vinho Verde,Portugal
Mendoza Province,Argentina
Australia Other,Australia
Northern Spain,Spain
Tuscany,Italy
Beaujolais,France
Beaujolais,France
California,US
Casablanca Valley,Chile
Cachapoal Valley,Chile
Washington,US
Mendoza Province,Argentina
Kamptal,Austria
Burgundy,France
Burgundy,France
California,US
California,US
California,US
Tuscany,Italy
Coastal Region,South Africa
Veneto,Italy
Burgundy,France
Bordeaux,France
Bordeaux,France
California,US
California,US
California,US
Veneto,Italy
Piedmont,Italy
Marlborough,New Zealand
Washington,US
California,US
Marlborough,New Zealand
Kamptal,Austria
Piedmont,Italy
California,US
Piedmont,Italy
Piedmont,Italy
Piedmont,Italy
Piedmont,Italy
Piedmont,Italy
Washington,US
California,US
California,US
California,US
Other,Argentina
Piedmont,Italy
New York,US
Northern Spain,Spain
New York,US
Northern Spain,Spain
Virginia,US
Mendoza Province,Argentina
California,US
Provence,France
Provence,France
Southern Italy,Italy
Istria,Croatia
Washington,US
New York,US
Southern Italy,Italy
Mendoza Province,Argentina
Stellenbosch,South Africa
Washington,US
Washington,US
Marlborough,New Zealand
Catalonia,Spain
Hawke's Bay,New Zealand
Southern Italy,Italy
Peljesac,Croatia
California,US
California,US
Washington,US
Northern Spain,Spain
Coastal Region,South Africa
Stellenbosch,South Africa
Southern Italy,Italy
Washington,US
California,US
California,US
California,US
California,US
Burgundy,France
Washington,US
Washington,US
Loire Valley,France
Burgundy,France
Burgundy,France
Loire Valley,France
Veneto,Italy
Veneto,Italy
Washington,US
Washington,US
Washington,US
Washington,US
Mendoza Province,Argentina
Curicó Valley,Chile
New York,US
Kakheti,Georgia
Awatere Valley,New Zealand
Mendoza Province,Argentina
Canelones,Uruguay
Washington,US
Veneto,Italy
Mendoza Province,Argentina
Washington,US
California,US
California,US
California,US
Washington,US
France Other,France
California,US
California,US
Washington,US
New York,US
Washington,US
California,US
Tuscany,Italy
Piedmont,Italy
California,US
Piedmont,Italy
Washington,US
California,US
England,England
California,US
California,US
Washington,US
California,US
California,US
California,US
Washington,US
Loire Valley,France
California,US
California,US
California,US
Maipo Valley,Chile
Washington,US
California,US
Northern Spain,Spain
Northeastern Italy,Italy
Vinho Verde,Portugal
Alentejano,Portugal
Tejo,Portugal
Douro,Portugal
Oregon,US
California,US
California,US
Alentejo,Portugal
Casablanca Valley,Chile
South Australia,Australia
California,US
California,US
California,US
California,US
Canelones,Uruguay
California,US
Oregon,US
Bairrada,Portugal
Douro,Portugal
Colchagua Valley,Chile
California,US
California,US
California,US
California,US
Mosel,Germany
Mosel,Germany
California,US
California,US
California,US
Sicily & Sardinia,Italy
Mosel,Germany
Champagne,France
Champagne,France
California,US
California,US
Piedmont,Italy
Lombardy,Italy
Champagne,France
Champagne,France
Champagne,France
California,US
Bordeaux,France
California,US
Oregon,US
Tejo,Portugal
Champagne,France
Port,Portugal
South Australia,Australia
Champagne,France
Port,Portugal
Oregon,US
Burgundy,France
Burgundy,France
California,US
Southern Italy,Italy
Lisboa,Portugal
California,US
Oregon,US
California,US
California,US
Washington,US
Champagne,France
Oregon,US
California,US
Sicily & Sardinia,Italy
Champagne,France
California,US
California,US
California,US
California,US
California,US
California,US
Douro,Portugal
Southern Italy,Italy
Dão,Portugal
California,US
Southern Italy,Italy
Oregon,US
Washington,US
Rheingau,Germany
California,US
Texas,US
Washington,US
California,US
California,US
California,US
California,US
Washington,US
Washington,US
Washington,US
Texas,US
New York,US
Colchagua Valley,Chile
Provence,France
Burgundy,France
Northeastern Italy,Italy
California,US
California,US
New York,US
New York,US
Veneto,Italy
California,US
Rapel Valley,Chile
California,US
California,US
Washington,US
Aconcagua Costa,Chile
Provence,France
Peumo,Chile
Marchigue,Chile
California,US
California,US
Veneto,Italy
California,US
Burgundy,France
Washington,US
Paarl,South Africa
Mendoza Province,Argentina
Burgundy,France
Northeastern Italy,Italy
Northern Spain,Spain
Lisboa,Portugal
Lisboa,Portugal
Tejo,Portugal
California,US
Rheinhessen,Germany
California,US
Tuscany,Italy
Vinho Verde,Portugal
Mendoza Province,Argentina
California,US
Veneto,Italy
Veneto,Italy
Mendoza Province,Argentina
California,US
Tejo,Portugal
California,US
Southwest France,France
California,US
California,US
Tuscany,Italy
Mendoza Province,Argentina
New York,US
Washington,US
Washington,US
Hawke's Bay,New Zealand
California,US
California,US
California,US
Burgundy,France
California,US
Casablanca Valley,Chile
California,US
,
Washington,US
California,US
California,US
Leyda Valley,Chile
California,US
California,US
Washington,US
Washington,US
Northern Spain,Spain
California,US
Washington,US
California,US
California,US
Mendoza Province,Argentina
Piedmont,Italy
Casablanca Valley,Chile
Washington,US
Washington,US
France Other,France
California,US
Levante,Spain
Bordeaux,France
Bordeaux,France
California,US
Washington,US
California,US
California,US
Rhône Valley,France
New York,US
Piedmont,Italy
California,US
Washington,US
Washington,US
France Other,France
France Other,France
France Other,France
California,US
California,US
Bordeaux,France
California,US
Loire Valley,France
Catalonia,Spain
Central Spain,Spain
Levante,Spain
Champagne,France
California,US
California,US
California,US
California,US
Maule Valley,Chile
Veneto,Italy
Drama,Greece
Washington,US
Sicily & Sardinia,Italy
California,US
Washington,US
Sicily & Sardinia,Italy
Washington,US
Champagne,France
Bordeaux,France
Veneto,Italy
Veneto,Italy
Marlborough,New Zealand
Veneto,Italy
California,US
California,US
Veneto,Italy
Aconcagua Valley,Chile
California,US
Bordeaux,France
Northern Spain,Spain
Loire Valley,France
New York,US
Port,Portugal
Port,Portugal
Oregon,US
Maipo Valley,Chile
Andalucia,Spain
Central Italy,Italy
California,US
Western Australia,Australia
Bordeaux,France
Oregon,US
Oregon,US
Loire Valley,France
Andalucia,Spain
Sicily & Sardinia,Italy
Sicily & Sardinia,Italy
South Australia,Australia
Victoria,Australia
Andalucia,Spain
California,US
Northern Spain,Spain
California,US
California,US
Tuscany,Italy
Oregon,US
America,US
Oregon,US
California,US
California,US
Oregon,US
California,US
California,US
California,US
Oregon,US
California,US
California,US
Tuscany,Italy
California,US
Northern Spain,Spain
Tuscany,Italy
Bordeaux,France
Bordeaux,France
Bordeaux,France
Bordeaux,France
Bordeaux,France
Bordeaux,France
Bordeaux,France
Douro,Portugal
Burgundy,France
Northeastern Italy,Italy
California,US
Other,Argentina
Burgundy,France
Mendoza Province,Argentina
Northeastern Italy,Italy
Burgundy,France
Burgundy,France
Burgundy,France
California,US
Washington,US
California,US
Burgundy,France
Northern Spain,Spain
Burgundy,France
Washington,US
Washington,US
Burgundy,France
Burgundy,France
Beaujolais,France
Burgundy,France
Burgundy,France
Burgundy,France
Burgundy,France
Washington,US
Washington,US
Washington,US
California,US
Washington,US
Washington,US
Washington,US
California,US
Burgundy,France
Burgundy,France
California,US
New York,US
Burgundy,France
Beaujolais,France
Piedmont,Italy
Burgundy,France
New York,US
Catalonia,Spain
New York,US
California,US
Burgundy,France
Washington,US
Washington,US
Washington,US
Burgundy,France
California,US
Andalucia,Spain
Piedmont,Italy
Washington,US
Washington,US
Washington,US
Andalucia,Spain
California,US
California,US
Northern Spain,Spain
Washington,US
Piedmont,Italy
California,US
California,US
Piedmont,Italy
Beaujolais,France
Provence,France
California,US
Piedmont,Italy
Burgundy,France
Burgundy,France
Burgundy,France
Burgundy,France
New York,US
California,US
Beaujolais,France
Loncomilla Valley,Chile
Central Italy,Italy
Washington,US
Piedmont,Italy
Oregon,US
Tuscany,Italy
Rhône Valley,France
Northern Spain,Spain
Tuscany,Italy
Vinho Verde,Portugal
Oregon,US
California,US
Southwest France,France
Provence,France
California,US
California,US
California,US
California,US
California,US
Catalonia,Spain
Spain Other,Spain
California,US
California,US
Central Italy,Italy
California,US
California,US
California,US
California,US
Washington,US
Tuscany,Italy
Washington,US
California,US
Washington,US
California,US
Northern Spain,Spain
California,US
Washington,US
Washington,US
Washington,US
Burgundy,France
Veneto,Italy
Loire Valley,France
Washington,US
Loire Valley,France
Burgundy,France
California,US
California,US
California,US
California,US
California,US
Hawke's Bay,New Zealand
Hawke's Bay,New Zealand
California,US
California,US
Loire Valley,France
Washington,US
California,US
Burgundy,France
Coastal Region,South Africa
Darling,South Africa
Stellenbosch,South Africa
Durbanville,South Africa
California,US
Sicily & Sardinia,Italy
California,US
California,US
California,US
California,US
California,US
California,US
California,US
California,US
California,US
Piedmont,Italy
California,US
Piedmont,Italy
California,US
California,US
California,US
Loire Valley,France
California,US
California,US
Piedmont,Italy
Sicily & Sardinia,Italy
Sicily & Sardinia,Italy
California,US
Loire Valley,France
Sicily & Sardinia,Italy
Central Valley,Chile
California,US
California,US
California,US
Northern Spain,Spain
California,US
Northeastern Italy,Italy
California,US
California,US
California,US
California,US
Central Italy,Italy
California,US
California,US
Bordeaux,France
Central Italy,Italy
California,US
California,US
California,US
Bordeaux,France
Cachapoal Valley,Chile
California,US
California,US
California,US
Central Spain,Spain
California,US
Casablanca Valley,Chile
Catalonia,Spain
Central Italy,Italy
Catalonia,Spain
Central Spain,Spain
Douro,Portugal
Oregon,US
Douro,Portugal
Douro,Portugal
Bordeaux,France
California,US
Oregon,US
California,US
Central Italy,Italy
Central Italy,Italy
Mendoza Province,Argentina
Northern Spain,Spain
Lisboa,Portugal
Lisboa,Portugal
Central Italy,Italy
Oregon,US
Douro,Portugal
Lisboa,Portugal
Bordeaux,France
Catalonia,Spain
Lisboa,Portugal
Douro,Portugal
Douro,Portugal
Douro,Portugal
Lisboa,Portugal
Oregon,US
Piedmont,Italy
Lisboa,Portugal
Bairrada,Portugal
Galicia,Spain
California,US
California,US
California,US
California,US
Veneto,Italy
Veneto,Italy
California,US
California,US
Veneto,Italy
California,US
California,US
New York,US
New York,US
California,US
California,US
Levante,Spain
Rhône Valley,France
Casablanca Valley,Chile
Veneto,Italy
Veneto,Italy
California,US
Rhône Valley,France
Northern Spain,Spain
Northern Spain,Spain
Catalonia,Spain
New York,US
New York,US
Lontué Valley,Chile
Veneto,Italy
Piedmont,Italy
Oregon,US
California,US
California,US
California,US
Hawke's Bay,New Zealand
Mendoza Province,Argentina
Piedmont,Italy
Piedmont,Italy
Piedmont,Italy
Oregon,US
California,US
Piedmont,Italy
Piedmont,Italy
Loire Valley,France
Other,Argentina
California,US
Loire Valley,France
Oregon,US
Oregon,US
Mendoza Province,Argentina
California,US
California,US
California,US
Dão,Portugal
Bairrada,Portugal
Loire Valley,France
Loire Valley,France
Port,Portugal
Bordeaux,France
Bordeaux,France
Bordeaux,France
Bordeaux,France
Bordeaux,France
Bordeaux,France
Piedmont,Italy
Bordeaux,France
Bordeaux,France
Bordeaux,France
Paarl,South Africa
Mendoza Province,Argentina
Stellenbosch,South Africa
Bordeaux,France
Bordeaux,France
Bordeaux,France
Bordeaux,France
Bordeaux,France
Bordeaux,France
Bordeaux,France
California,US
Washington,US
Tasmania,Australia
California,US
California,US
Rheingau,Germany
California,US
California,US
Oregon,US
California,US
California,US
Mosel,Germany
Rheingau,Germany
Oregon,US
California,US
Northern Spain,Spain
California,US
California,US
California,US
California,US
California,US
California,US
California,US
California,US
California,US
Cachapoal Valley,Chile
California,US
California,US
California,US
Oregon,US
California,US
Northern Spain,Spain
Northern Spain,Spain
Loire Valley,France
Loire Valley,France
Bairrada,Portugal
Oregon,US
Oregon,US
Piedmont,Italy
Piedmont,Italy
Mosel,Germany
Mendoza Province,Argentina
Piedmont,Italy
Piedmont,Italy
Northern Spain,Spain
California,US
Piedmont,Italy
Mosel,Germany
Mosel,Germany
Piedmont,Italy
Douro,Portugal
California,US
Oregon,US
Alentejano,Portugal
Alentejano,Portugal
Mosel,Germany
Victoria,Australia
Galilee,Israel
Mendoza Province,Argentina
Oregon,US
Oregon,US
California,US
Tejo,Portugal
Washington,US
Washington,US
California,US
California,US
Washington,US
Washington,US
California,US
Washington,US
California,US
California,US
Washington,US
California,US
Washington,US
Washington,US
Washington,US
California,US
California,US
California,US
California,US
California,US
California,US
Washington,US
California,US
Washington,US
Washington,US
California,US
California,US
California,US
Washington,US
Washington,US
Northern Spain,Spain
California,US
Tuscany,Italy
Weinland Österreich,Austria
California,US
Niederösterreich,Austria
Bordeaux,France
Bordeaux,France
Bordeaux,France
Washington,US
Tuscany,Italy
Tuscany,Italy
Washington,US
Mendoza Province,Argentina
Northern Spain,Spain
Tuscany,Italy
Mendoza Province,Argentina
Wagram-Donauland,Austria
California,US
Südsteiermark,Austria
California,US
Tuscany,Italy
Kamptal,Austria
Kamptal,Austria
Mendoza Province,Argentina
Tuscany,Italy
Tuscany,Italy
Northeastern Italy,Italy
Mantinia,Greece
California,US
California,US
Northeastern Italy,Italy
Central Italy,Italy
Tuscany,Italy
Nemea,Greece
Central Italy,Italy
Mendoza Province,Argentina
Mantinia,Greece
Central Italy,Italy
California,US
Veneto,Italy
California,US
Mantinia,Greece
California,US
Tuscany,Italy
California,US
Mendoza Province,Argentina
California,US
Niederösterreich,Austria
Oregon,US
California,US
Veneto,Italy
Swartland,South Africa
Northeastern Italy,Italy
Other,Argentina
Champagne,France
California,US
California,US
California,US
California,US
Washington,US
Washington,US
California,US
California,US
California,US
California,US
California,US
Champagne,France
California,US
Washington,US
California,US
California,US
California,US
California,US
California,US
California,US
Port,Portugal
California,US
Tuscany,Italy
Douro,Portugal
Douro,Portugal
Casablanca Valley,Chile
California,US
California,US
Leyda Valley,Chile
Oregon,US
Tuscany,Italy
Tuscany,Italy
Lisboa,Portugal
Franken,Germany
Tuscany,Italy
Tuscany,Italy
Beaujolais,France
Tuscany,Italy
Southwest France,France
Southwest France,France
Northern Spain,Spain
Tuscany,Italy
Tuscany,Italy
Pfalz,Germany
Tuscany,Italy
Alentejano,Portugal
California,US
Alentejano,Portugal
Oregon,US
California,US
Douro,Portugal
California,US
California,US
Catalonia,Spain
Oregon,US
Italy Other,Italy
Oregon,US
Tuscany,Italy
Nemea,Greece
Nahe,Germany
Tuscany,Italy
California,US
Tuscany,Italy
Douro,Portugal
Lombardy,Italy
Maipo Valley,Chile
Maule Valley,Chile
Mosel,Germany
Chalkidiki,Greece
Northern Spain,Spain
Italy Other,Italy
Oregon,US
California,US
California,US
Maule Valley,Chile
Maule Valley,Chile
Tuscany,Italy
California,US
California,US
California,US
Lebanon,Lebanon
Burgundy,France
California,US
Virginia,US
California,US
California,US
Dão,Portugal
Alentejano,Portugal
Alentejano,Portugal
Alentejano,Portugal
Piedmont,Italy
Pfalz,Germany
Mendoza Province,Argentina
Vinho Verde,Portugal
Alentejano,Portugal
Baden,Germany
Other,Argentina
California,US
Piedmont,Italy
Sicily & Sardinia,Italy
Tejo,Portugal
Vinho Verde,Portugal
Oregon,US
Oregon,US
California,US
Sicily & Sardinia,Italy
Burgundy,France
Oregon,US
Sicily & Sardinia,Italy
Douro,Portugal
Mendoza Province,Argentina
Western Cape,South Africa
Tasmania,Australia
Western Cape,South Africa
Coastal Region,South Africa
Northern Spain,Spain
Other,Argentina
Washington,US
California,US
California,US
California,US
Washington,US
Dão,Portugal
Lisboa,Portugal
California,US
California,US
Australia Other,Australia
Mendoza Province,Argentina
California,US
Washington,US
Tuscany,Italy
Alentejo,Portugal
Setubal,Portugal
California,US
Bordeaux,France
California,US
California,US
California,US
Central Spain,Spain
Northern Spain,Spain
Loire Valley,France
California,US
Central Spain,Spain
California,US
Northeastern Italy,Italy
Northeastern Italy,Italy
Loire Valley,France
Loire Valley,France
California,US
California,US
Catalonia,Spain
Mendoza Province,Argentina
Loire Valley,France
Southwest France,France
Loire Valley,France
Veneto,Italy
Leyda Valley,Chile
California,US
California,US
California,US
California,US
Württemberg,Germany
Washington,US
Sicily & Sardinia,Italy
Southern Italy,Italy
Bordeaux,France
Bordeaux,France
Languedoc-Roussillon,France
Southern Italy,Italy
Languedoc-Roussillon,France
Marlborough,New Zealand
Elqui Valley,Chile
California,US
Robertson,South Africa
Southern Italy,Italy
Veneto,Italy
South Australia,Australia
California,US
Veneto,Italy
Marlborough,New Zealand
Southern Italy,Italy
Sicily & Sardinia,Italy
California,US
Casablanca Valley,Chile
